<!DOCTYPE xbel>
<xbel folded="no" toolbar="no" icon="" hide_nsbk="yes" >
 <folder folded="yes" toolbar="yes" icon="bookmark_toolbar" >
  <title>Bookmark Toolbar</title>
  <bookmark icon="favicons/celestia_20021212191412299" href="cel://Follow/Sol%3AEarth/2002-12-04T07%3A19%3A19.92?x=0EOJDZAWdoDCDA&amp;y=DUux+MVJJA&amp;z=9Yd09bIPyTHx/////////w&amp;ow=0.978316&amp;ox=0.150961&amp;oy=0.106951&amp;oz=-0.093109&amp;select=Sol:Earth&amp;fov=45.000000&amp;ts=1.000000&amp;rf=6035&amp;lm=0" >
   <title>Follow Earth [Earth]</title>
  </bookmark>
  <bookmark icon="favicons/celestia_20021215170159036" href="cel://PhaseLock/Sol%3AEarth/Sol%3AEarth%3AMoon/2004-05-29T11%3A23%3A46.24?x=yqIWPagG2MO3DA&amp;y=EQYCseMOLQ&amp;z=sX69wCu2LOQO&amp;ow=0.659796&amp;ox=-0.215912&amp;oy=-0.698286&amp;oz=-0.174491&amp;select=Sol:Earth&amp;fov=0.903882&amp;ts=100000.000000&amp;rf=6035&amp;lm=0" >
   <title>Moon Libration from Earth</title>
  </bookmark>
  <bookmark icon="favicons/celestia_20021215164511359" href="cel://Freeflight/2002-08-28T23%3A25%3A37.09?x=u/ndPJMYP+KnDA&amp;y=3Sinqryzz9c&amp;z=4gXBzXSeLVDx/////////w&amp;ow=0.980822&amp;ox=0.017664&amp;oy=0.189654&amp;oz=-0.041327&amp;track=Sol:Mars&amp;select=Sol:Mars&amp;fov=45.000000&amp;ts=100.000000&amp;rf=6035&amp;lm=0" >
   <title>Mars Fly-by</title>
  </bookmark>
  <bookmark icon="favicons/celestia_20021215164726547" href="cel://SyncOrbit/Sol%3AEarth%3AMoon/2003-09-25T00%3A31%3A18.30?x=wxV688S7e3rNDA&amp;y=EWxnw1qfww&amp;z=nlQAk3a+ppP//////////w&amp;ow=0.241534&amp;ox=0.661060&amp;oy=0.280845&amp;oz=-0.652524&amp;select=Sol:Earth:Moon&amp;fov=49.499996&amp;ts=100000.000000&amp;rf=6035&amp;lm=0" >
   <title>Moon Libration</title>
  </bookmark>
  <bookmark icon="favicons/celestia_20020830192652097" href="cel://Follow/Sol/2002-09-01T16%3A58%3A49?x=AAAAAMCrktOdILb5/////w&amp;y=CkxgAADEXts7E7HX/////w&amp;z=VcpQAAAAAAAAAMIy/////w&amp;ow=0.090610&amp;ox=-0.494683&amp;oy=0.860207&amp;oz=-0.084397&amp;select=Sol&amp;fov=49.499992&amp;ts=1.000000&amp;rf=6043&amp;lm=0" >
   <title>Constellation Depth</title>
  </bookmark>
  <bookmark icon="favicons/celestia_20020830192655186" href="cel://Follow/Alcyone/2002-08-28T21%3A21%3A54?x=AAAAAIAkQ+npIjwI&amp;y=AAAAAPDc1cfOcHcD&amp;z=AAAAAECBbejMjbDw/////w&amp;ow=-0.422344&amp;ox=-0.357955&amp;oy=0.053244&amp;oz=0.831059&amp;select=Alcyone&amp;fov=45.000000&amp;ts=1.000000&amp;rf=6035&amp;lm=0" >
   <title>The Pleiades</title>
  </bookmark>
 </folder>
 <folder folded="yes" icon="bookmark_folder" >
  <title>Calculus' Celestial Phenomena</title>
  <bookmark icon="favicons/celestia_20021210223316001" href="cel://PhaseLock/Sol%3AEarth/Sol%3AEarth%3AMoon/0755-11-23T19%3A09%3A33.51?x=BN+WHH/aR7u/DA&amp;y=L7ysS34bYQs&amp;z=EMbWV62Yh5jw/////////w&amp;ow=0.251295&amp;ox=-0.056195&amp;oy=0.018929&amp;oz=0.966093&amp;select=Sol:Earth:Moon&amp;fov=0.463834&amp;ts=1.000000&amp;rf=51091&amp;lm=0" >
   <title>Moon Eclipse w/ Jupiter conjonction</title>
  </bookmark>
  <bookmark icon="favicons/celestia_20030106235954721" href="cel://Follow/Sol%3AJupiter%3AGanymede/1997-11-11T03%3A38%3A10.18?x=AJquUthZHrj+DA&amp;y=yl4GWfDM8Ln+/////////w&amp;z=VSDhaX9o/RMt&amp;ow=-0.470125&amp;ox=0.013224&amp;oy=-0.882430&amp;oz=-0.011156&amp;select=Sol:Jupiter:Ganymede&amp;fov=0.383795&amp;ts=100.000000&amp;rf=51091&amp;lm=0" >
   <title>Io Ganymede Callisto Conjonction</title>
  </bookmark>
 </folder>
</xbel>
